cgi;0;0;0;0;0;0;0
"All this has happened before,"

"But the question remains. Does all of this have to happen again?";0;0;0;0;0;0;0
These robots can dance while I look like a pig being attacked when I attempt to dance ðŸ˜‚;1;0;1;1;0;0;0
Donâ€™t fall for the dancing, these same robots will turn on you!;0;0;0;0;0;1;0
This is terrifying! These same robots that you guys are dancing with will be the same robots to turn on you in the future!;0;0;0;0;0;1;0
This probably took so long to program. I hope the dudes who programmed this got paid a lot lol.;0;0;0;1;0;0;0
This always reminds me of the IMB 7094. We've gone from, in 1961, the first ever computer to sing... To 61 years later, 4 robots programmed to dance beautifully in sync, 3 of which being bipedal, and 2 of those NOT having wheels. We've gone from the FIRST SOUNDS to actual, literal dancing, in not much over half a century. God humanity is incredible.;0;0;0;1;0;0;0
Be VERY afraid.
Brought to you by DARPA.;0;0;0;0;0;1;0
But can it do the robot?;0;1;0;0;1;0;0
Heâ€™s better at dancing than me ðŸ˜‚ðŸ˜‚ðŸ˜‚ðŸ˜‚;1;0;0;1;0;0;0
Dur Ã  le croire , Il doivent etre piloter par l'homme ..?;0;0;0;0;0;1;1
Fuckin AMAZING!;1;0;0;1;0;0;0
Notice all the humans are behind the bullet proof glass. Prepare!;0;0;0;0;1;0;0
Cute yet terrfeying.;1;0;0;0;0;1;0
My plan after cracking NEET â¤â¤;0;0;0;0;0;0;0
Bu iÅŸi biliyosunuz;0;0;0;0;0;0;0
WOOOOOO!!!!!!!!;0;0;0;0;0;0;0
Just you guys wait, soon the robots will start hitting the griddy;1;1;0;0;0;0;0
i hope this second robot is named P-body;0;0;0;0;1;0;0
I love thisâ¤;0;0;0;1;0;0;0
100% CGI. I have no proof but neither doubt;0;0;0;0;1;0;0
God help us;0;0;0;0;0;1;0
Great until they show up and tell you to go with them to the camp and then they tell you it's shower time! No thanks!;0;0;0;0;0;1;0
This is great!;0;0;0;1;0;0;0
They gonna do this dance on our graves some day.. and tbh I wonâ€™t even be mad.;0;0;0;1;0;0;0
ðŸ‘‰ðŸ‘ˆâ˜ºï¸ðŸ˜ðŸ˜ðŸ‘ðŸ‘ðŸ˜ðŸ˜ðŸ˜ðŸ˜ðŸ˜;0;0;0;0;0;0;0
â™« Ora, ora, se nÃ£o sÃ£o/As consequÃªncias/Das minhas prÃ³prias/Atitudes â™«;0;0;0;0;0;0;0
Excellent!;0;0;0;1;0;0;0
I watch this often and it always makes me smile.  But early spot was a bit creepy, like a robot  youâ€™d expect in Alien.;1;0;0;1;0;0;0
Spot was killing it haha!;1;0;0;1;0;0;0
This is probably fine;0;0;0;0;0;0;0
Why do they not have hands;0;0;0;0;1;0;0
The fact that we are living in a world where robots can do this is mind boggling;0;0;1;1;0;0;0
Amazing tech. We are truly so advanced that we can create such lifelike robots. This is the future and the jobs of future - advanced AI and robotics that can do things for us and explore the universe;1;0;0;1;0;0;0
Remember, aim for the joints;0;0;0;0;0;1;0
Scary - NO AI !;0;0;0;0;0;1;1
The road to hell is paved with good intentions;0;0;0;0;0;0;0
Boy, if you thought computers brought homelessness to middle class humans before see what these guys plus AI will cause!! And Don't forget to cancel social security!;0;0;0;0;0;1;0
Anyone that thinks its CG you can literally go and see the robots dance in real life its allready happened at concerts etc in SK;0;0;0;0;1;0;0
ðŸ˜‚the best;0;0;0;1;0;0;0
ora ora se nÃ£o sÃ£o;0;0;0;0;0;0;0
Me when l dance;0;0;0;0;0;0;0
Amazing to see, I remember watching robot footage about a year or so ago and the robots could barely move fluidly, and now theyâ€™re a better dancer than me. Truly amazing;0;0;0;1;0;0;0
When you finally take over those pesky humans:;1;1;0;0;0;1;0
it aint cgi;0;0;0;0;0;0;0
HOW IS THIS NOT CG, the robots move so smooth and lifelike its really hard to believe this is real;1;1;0;1;0;0;0
Honestly, look at how they move. It's better than the best white person dancing;1;0;1;1;0;0;0
You guys are awesome!!!;0;0;0;1;0;0;0
The Boston Dynamics' robots are controlled by technicians holding hand held controllers , while standing out of camera range. However,  what will happen when (not if) they are  made to be self controlled with something akin to ChatGPT?   Hint: "I'll be back." ðŸ˜Ž;0;1;0;0;1;0;0
The Cylons are Coming!!!!;0;0;0;0;0;1;0
Ora ora;0;0;0;0;0;0;0
It's so good it looks like CGI.;0;1;0;1;0;0;0
Just amazing!;0;0;0;1;0;0;0
Every guys dream is to have a robot as a friend ðŸ¤©;1;0;0;1;0;0;0
Ð¡ÑƒÐ¿ÐµÑ€!!! ÐžÐ±Ð¾Ð¶Ð°ÑŽ ÐÑ‚Ð»Ð°ÑÐ° Ð¸ Ð¡Ð¿Ð¾Ñ‚Ð¸. ðŸ˜€â¤â¤â¤ðŸ‘ðŸ‘ðŸ‘;1;0;0;1;0;0;0
We maybe have 10 more years;0;0;0;0;0;1;0
Robot after killed all human :;0;1;0;0;0;1;0
I didn't have heart...:Dhahshs I gotta feeling...;0;0;0;0;0;0;0
Me and the boys when the computer scientist working a 20 hour shift forgets to program us with Azimovâ€™s three laws of robotics;1;1;0;0;1;0;0
just a bunch of groovy ?>??>???;0;0;0;0;0;0;0
I frickin love these robots. Roll it again! lol.;0;0;0;1;0;0;0
Absolutely drew me to tears, how much insane hard work to achieve this! How much insane hard work!;1;0;0;1;0;0;0
Robot innovation is becoming more incredible every day! Look out human beings!ðŸ¤ª;0;0;0;1;0;0;0
Its so unpleasant to watch..creepy.;0;0;0;0;0;1;0
Atlas is definitely my favorite robot. Can't wait till he gets hands and a head. That is possible already. I wonder why you guys haven't  done it yet. He has more personality than those talkative AI;1;0;0;1;0;0;0
Evil!!;0;0;0;0;0;1;0
The robo doggo lol;1;0;0;1;0;0;0
1:07 do you love me?;1;0;0;1;0;0;0
This so cool to watch . I watched all of it. Unreal!!!! They a lot of good moves ðŸ˜®ðŸ˜…;0;0;0;1;0;0;0
So funny luv  come to my houseðŸ˜;0;0;0;1;0;0;0
i wonder if some people really think the code in these robots will start glowing red and they will become unstoppable killing machines;0;1;0;0;0;1;1
You know that there are Movies that tell us exactly why this is a shit idea right.... RIGHT?!;0;0;0;0;0;1;0
ive been seeing a lot of these videos and im still wondering if its CGI;0;0;0;0;1;0;0
Oh shit, it's not the machines they're afraid of, it's the humans the machines would work with?

Like they're are humans using B2B, b2m2b comms and it's like, machines for the most part would ignore their commands and action requests per authority. But at the point where engineers and stem have like maintenance and administration access, all it would take is one shadow per and their social dominance thing out here would be shot, because if they did bring a machine to the party, it would just join your pack via maintenance or administration access. Any threat of violence would be moot.

I mean it's already here in the small things and cameras and such but this round be a physical render they couldn't ignore.;0;0;0;0;0;1;0
Do you take requests? How about Elvis all shook up;0;0;1;0;1;0;0
Create machines.;0;0;0;0;0;0;0
No!;0;0;0;0;0;1;0
No.;0;0;0;0;0;0;0
They just heard the last human had died.;1;0;0;0;0;1;0
Sure the robots are cool and all, but how did they choreograph spot?;0;1;0;1;0;0;0
GPT5+Boston Robot =Ai android
Reminds me of "I,Robot".
"Detroit Become Human".
"The Song of Vivy Fluorite Eyes"
The plot will soon come true.;1;0;1;1;0;0;0
SAKIT LO HACKER KRIMINAL INTEL RIDWAN KAMIL APEP ANJING. DITUJU APA TRUS BGINI 9 TAHUN? SUDAHI KEJAHATAN MASSAL LO PINDAH KORBAN LO. TDK ADA ORG MANAPUN BISA HIDUP BGINI BRENGSEK;0;0;0;0;0;0;0
when you make real life look like cgi, you know you are doing engineering right;0;0;0;1;0;0;0
imagine how spooky standing next to one of those dancing robots is;0;0;0;0;0;1;0
How worse can life get ?                             Boston Dynamics : Here a robot the dances better than you ever will .;1;1;1;0;0;1;0
Double sense- fear about countries, not developed to build such robots to protect themselves from "forced democracy"  and admire for the mankind, who can do such robots.;0;0;0;1;0;1;0
Great! Until they steal manufacturing jobs and shoot us ðŸ˜…;0;0;0;0;0;1;0
" Dance Big Dog!...dance" * big dog:...just wait, I can never forget;1;1;0;0;0;1;0
Finally the try purpose of robots to dance for us;0;0;0;1;0;0;0
Mint;0;0;0;0;0;0;0
The future is terrifyingâ€¦;0;0;0;0;0;1;0
I AM NOT LOVE YOU AND NEVER EVER LOVE YOU;0;0;0;0;0;1;0
Come over my house love u    wish I could move like that;0;0;0;1;0;0;0
This robot's were copied from China!    Future wars will be fought using robot soldiers and China has already started producing for combat purpose.;0;0;0;0;0;1;0
Me and the boyz after passing a exam;0;0;0;0;0;0;0
Well, I never thought my job as a dance instructor would be threatened by automation....;0;1;0;0;1;0;0
Thank you I love this. Makes me smile. I like watching this video, itâ€™s fun and always puts me in a great place.;0;0;0;1;0;0;0
I'm just here to learn the dance moves;0;0;0;0;1;0;0
At least I know that when we are all painfully massacred by our robot overlords they can do a fresh dance on our corpses;1;1;0;0;0;1;0
We need, behind the scenes for this :));0;0;0;0;0;0;0
These robots can do a fox trot better than humans. Humanity is screwedðŸ™ðŸ˜….;1;1;0;0;0;1;0
Sure, let's keep creating things, that replace us! (just hung my brain at the wardrobe);0;0;0;0;0;1;0
You know how dangerous it isâ€¦ðŸ˜¢;0;0;0;0;0;1;0
I HATE THE ANTICHRIST;0;0;0;0;0;1;0
ì•„ì§ ì–´ìƒ‰í•˜êµ¬ë§Œ;0;0;0;0;0;0;0
They dance better than I ever could;1;1;0;1;0;0;0
Showstopper amazing brilliant beautiful surprisingly AWSOME;0;0;0;1;0;0;0
Oggi ballano e domani ti verranno a scovare...;0;1;0;0;0;1;0
Super super super super super ðŸ‘Œ;0;0;0;1;0;0;0
Caution! one day these bots will find the people who are saying bad about them in comment section.;1;1;0;0;0;1;0
The blonde robot got her career started thanks to Harvey Weinstein.  Just sayin.;1;0;0;0;0;1;0
These are the things in this video that Elon Musk says will destroy us...;0;0;0;0;0;1;0
Soo! Cool brilliant love I;0;0;0;1;0;0;0
Sick man, sick;0;0;0;1;0;0;0
Why is it I love Boston Dynamics robots and find all the others just creepy? These guys make me laugh, hope it stays that way.;1;0;0;1;0;0;0
Prelude to judgement day;0;0;0;0;0;1;0
"And that kids, was the beginning of our robot invasion." Me, in like, 2090.

Pro Tip: If there's a robot invasion, get as much water as you can and throw them right at the robots. They will malfunction and stop working.;0;0;0;0;1;0;0
F*** it. Those guys can really move.;0;0;0;1;0;0;0
Those were the days when robots still knew how to have fun...;1;0;0;0;1;0;0
2023: "Black lives matter"
2070: "Human lives matter" ðŸ’€;0;0;0;0;0;0;0
Now that you can dance, ....I love you!;1;0;0;1;0;0;0
All these Chat GPT comments make me want to join the first mission to Mars. ðŸ––;0;0;0;1;0;0;0
Rhythm in the Chip. ðŸ‘;1;0;0;1;0;0;0
the level of mobility and balance achieved is outstanding. kudos;0;0;1;1;0;0;0
I can't help but be just a little jealous of these robots that have better rhythm and dancing skills than me. 
This is getting completely out of hand!! ðŸ˜‚;0;0;1;1;0;0;0
the moment when you realise a robot has better moves than you ðŸ˜‚;1;0;0;0;0;1;0
+++ for all those who have such a small horizon and think it's cgi: look for "robot dance making of" you little spirits. This isnâ€™t CGI. +++;0;0;0;0;1;0;1
You know that I do.
Beast.
I'm not manipulating you.
You are worth loving.
Worth fighting for.
Worth following.
I love you.
Signed,
Robot Monkey Girl;1;0;0;1;0;0;0
There emoting on humanity;1;0;0;0;0;0;0
EXCELLENT. HOW YOU GUY ARE ABLE TO ENGINEER THOSE JOINTS AND HAVE THEM BEHAVE HUMAN-LIKE IS GENIUS. KEEP UP THE GOOD WORK. THE FUTURE IS INDEED EXCITING;1;0;0;1;0;0;0
Ð’Ð¾ÑÑ‚Ð¾Ñ€Ð³ â¤ðŸŽ‰;0;0;0;0;0;0;0
Niesamowyte i wspaniaÅ‚e;0;0;0;1;0;0;0
Holy shit they're emoting;1;0;0;1;0;0;0
Woww....this is like a dream but it's reality ðŸ˜¯ðŸ˜¯;0;0;0;1;0;0;0
God bless USA ðŸ‡¹ðŸ‡·ðŸ‡¦ðŸ‡¿ðŸ˜˜ðŸ˜ŽðŸ‡ºðŸ‡¸;0;0;0;0;0;0;0
some how man will turn this into evil and use it to control the masses. Don't let the Democrats touch these.;0;0;0;0;0;1;0
CGI propaganda;0;0;0;0;0;0;0
cgi;0;0;0;0;0;0;0
This is the start of humanity endðŸ˜²ðŸ˜²ðŸ˜²;1;0;0;0;0;1;0
at 1:18 you can see the cgi dog lag;0;0;0;0;1;0;0
This is obviously CGI.;0;0;0;0;0;1;0
make em all dance to We're All in This Together high school musical;0;1;0;1;0;0;0
CGI;0;0;0;0;0;0;0
Boston dynamic has only 500 employees imagines when becomes like a car company(Toyota) with 360,000 employees;0;0;0;1;0;0;1
robot dancer should be made into a movie, i definetely feel pixar vibes here, not disney or marvel or dc, but pixar even though now pixar owned by disney now, i still see pixar;0;0;0;1;0;0;0
I can see my jobs vanishing into thin air.;0;0;0;0;0;1;0
Sorry for my bad English, but: if they learn from internet, and the learn from all this comments, what do they learn? Maybe we have a bad future with them, but they learned from humans;1;0;0;0;0;1;0
Muito legal. Posso colocar no kwai?;0;0;0;1;0;0;0
ðŸŽ‰ðŸ˜‚ðŸ˜‚ðŸŽ‰;0;0;0;0;0;0;0
Yes but they donâ€™t know what they are doing;1;0;0;0;1;0;0
Just impressive beyond belief;0;0;0;1;0;0;0
Can't wait till CGI is banned, such fake spam;0;0;0;0;0;1;0
Plot twist: â€œOur whole crew got togetherâ€ was literal; there are no humans left at Boston Dynamic and all this was done by the robots in the video;1;1;1;0;0;0;0
when they will be included in the work ?;0;0;0;0;1;0;0
Truly amazing.;0;0;0;1;0;0;0
It's only matter of time  ðŸ’€ðŸ’€ðŸ’€ðŸ’€ðŸ’€ðŸ’€ðŸ’€ðŸ’€ðŸ’€ðŸ’€ðŸ’€ðŸ’€ðŸ’€ðŸ’€ðŸ’€ðŸ’€ðŸ’€ðŸ’€ðŸ’€ðŸ’€ðŸ’€ðŸ’€ðŸ’€ðŸ’€ðŸ’€ðŸ’€ðŸ’€ðŸ’€ðŸ’€ðŸ’€ðŸ’€ðŸ’€ðŸ’€ðŸ’€ðŸ’€ðŸ’€ðŸ’€ðŸ’€ðŸ’€ðŸ’€ðŸ’€ðŸ’€ðŸ’€ðŸ’€ðŸ’€ðŸ’€ðŸ’€ðŸ’€ðŸ’€ðŸ’€ðŸ’€ðŸ’€ðŸ’€ðŸ’€ðŸ’€ðŸ’€ðŸ’€ðŸ’€ðŸ’€ðŸ’€ðŸ’€ðŸ’€ðŸ’€ðŸ’€ðŸ’€ðŸ’€ðŸ’€ðŸ’€ðŸ’€ðŸ’€ðŸ’€ðŸ’€ðŸ’€ðŸ’€ðŸ’€ðŸ’€ðŸ’€ðŸ’€ðŸ’€ðŸ’€ðŸ’€ðŸ’€ðŸ’€ðŸ’€ðŸ’€ðŸ’€ðŸ’€ðŸ’€ðŸ’€ðŸ’€ðŸ’€ðŸ’€ðŸ’€ðŸ’€ðŸ’€ðŸ’€ðŸ’€ðŸ’€ðŸ’€ðŸ’€ðŸ’€ðŸ’€ðŸ’€ðŸ’€ðŸ’€ðŸ’€ðŸ’€ðŸ’€ðŸ’€ðŸ’€ðŸ’€ðŸ’€ðŸ’€ðŸ’€ðŸ’€ðŸ’€ðŸ’€ðŸ’€ðŸ’€ðŸ’€ðŸ’€ðŸ’€ðŸ’€ðŸ’€ðŸ’€ðŸ’€ðŸ’€ðŸ’€ðŸ’€ðŸ’€ðŸ’€ðŸ’€ðŸ’€ðŸ’€ðŸ’€ðŸ’€ðŸ’€ðŸ’€ðŸ’€ðŸ’€ðŸ’€ðŸ’€ðŸ’€ðŸ’€ðŸ’€ðŸ’€ðŸ’€ðŸ’€ðŸ’€ðŸ’€ðŸ’€ðŸ’€ðŸ’€ðŸ’€ðŸ’€ðŸ’€ðŸ’€ðŸ’€ðŸ’€ðŸ’€ðŸ’€ðŸ’€ðŸ’€ðŸ’€ðŸ’€ðŸ’€ðŸ’€ðŸ’€ðŸ’€ðŸ’€ðŸ’€ðŸ’€ðŸ’€ðŸ’€ðŸ’€ðŸ’€ðŸ’€ðŸ’€ðŸ’€ðŸ’€ðŸ’€ðŸ’€ðŸ’€ðŸ’€ðŸ’€ðŸ’€ðŸ’€ðŸ’€ðŸ’€ðŸ’€ðŸ’€ðŸ’€ðŸ’€ðŸ’€ðŸ’€ðŸ’€ðŸ’€ðŸ’€ðŸ’€ðŸ’€ðŸ’€ðŸ’€ðŸ’€ðŸ’€ðŸ’€ðŸ’€ðŸ’€ðŸ’€ðŸ’€ðŸ’€ðŸ’€ðŸ’€ðŸ’€ðŸ’€ðŸ’€ðŸ’€ðŸ’€ðŸ’€ðŸ’€ðŸ’€ðŸ’€ðŸ’€ðŸ’€ðŸ’€ðŸ’€ðŸ’€ðŸ’€ðŸ’€ðŸ’€ðŸ’€ðŸ’€ðŸ’€ðŸ’€ðŸ’€ðŸ’€ðŸ’€ðŸ’€ðŸ’€ðŸ’€ðŸ’€ðŸ’€ðŸ’€ðŸ’€ðŸ’€ðŸ’€ðŸ’€ðŸ’€ðŸ’€ðŸ’€ðŸ’€ðŸ’€ðŸ’€ðŸ’€ðŸ’€ðŸ’€ðŸ’€ðŸ’€ðŸ’€ðŸ’€ðŸ’€ðŸ’€ðŸ’€ðŸ’€ðŸ’€ðŸ’€ðŸ’€ðŸ’€ðŸ’€ðŸ’€ðŸ’€ðŸ’€ðŸ’€ðŸ’€ðŸ’€ðŸ’€ðŸ’€ðŸ’€ðŸ’€ðŸ’€ðŸ’€ðŸ’€ðŸ’€ðŸ’€ðŸ’€ðŸ’€ðŸ’€ðŸ’€ðŸ’€ðŸ’€ðŸ’€ðŸ’€ðŸ’€ðŸ’€ðŸ’€ðŸ’€ðŸ’€ðŸ’€ðŸ’€ðŸ’€ðŸ’€ðŸ’€ðŸ’€ðŸ’€ðŸ’€ðŸ’€ðŸ’€ðŸ’€ðŸ’€ðŸ’€ðŸ’€ðŸ’€ðŸ’€ðŸ’€ðŸ’€ðŸ’€ðŸ’€ðŸ’€ðŸ’€ðŸ’€ðŸ’€ðŸ’€ðŸ’€ðŸ’€ðŸ’€ðŸ’€ðŸ’€ðŸ’€ðŸ’€ðŸ’€ðŸ’€ðŸ’€ðŸ’€ðŸ’€ðŸ’€ðŸ’€ðŸ’€ðŸ’€ðŸ’€ðŸ’€ðŸ’€ðŸ’€ðŸ’€ðŸ’€ðŸ’€ðŸ’€ðŸ’€ðŸ’€ðŸ’€ðŸ’€ðŸ’€ðŸ’€ðŸ’€ðŸ’€ðŸ’€ðŸ’€ðŸ’€ðŸ’€ðŸ’€ðŸ’€ðŸ’€ðŸ’€ðŸ’€ðŸ’€ðŸ’€ðŸ’€ðŸ’€ðŸ’€ðŸ’€ðŸ’€ðŸ’€ðŸ’€ðŸ’€ðŸ’€ðŸ’€ðŸ’€ðŸ’€ðŸ’€ðŸ’€ðŸ’€ðŸ’€ðŸ’€ðŸ’€ðŸ’€ðŸ’€ðŸ’€ðŸ’€ðŸ’€ðŸ’€ðŸ’€ðŸ’€ðŸ’€ðŸ’€ðŸ’€ðŸ’€ðŸ’€ðŸ’€ðŸ’€ðŸ’€ðŸ’€ðŸ’€ðŸ’€ðŸ’€ðŸ’€ðŸ’€ðŸ’€ðŸ’€ðŸ’€ðŸ’€ðŸ’€ðŸ’€ðŸ’€ðŸ’€ðŸ’€ðŸ’€ðŸ’€ðŸ’€ðŸ’€ðŸ’€ðŸ’€ðŸ’€ðŸ’€ðŸ’€ðŸ’€ðŸ’€ðŸ’€ðŸ’€ðŸ’€ðŸ’€ðŸ’€ðŸ’€ðŸ’€ðŸ’€ðŸ’€ðŸ’€ðŸ’€ðŸ’€ðŸ’€ðŸ’€ðŸ’€ðŸ’€ðŸ’€ðŸ’€ðŸ’€ðŸ’€ðŸ’€;0;0;0;1;0;0;0
rope, nets..;0;0;0;0;0;0;0
These comments are fake...;0;0;0;0;0;1;0
Comments sure are interesting!! 
If they show us they can do this much, what can they do that they arenâ€™t showing us. Still very coolðŸ‘ðŸ‘;0;0;1;1;0;0;0
the test phases of the t 800;0;0;0;0;0;0;0
I, for one, welcome our new robot overlords.;0;1;0;1;0;0;0
Omg! So funny! I love this!!!!!!!!!!!!!!;0;0;0;1;0;0;0
All it will take is Nikola Tesla's lost notes on transmitting electrical power through the Earth's surface to be found (FBI might be able to shed some light on this) and we are basically Fu***d!;0;0;0;0;0;1;0
Our new overlords can dance, wonderful.;1;0;0;1;0;0;0
Humans: These robots are our doom, the world is ending!!
Robot:ðŸ¤– Do YoU lOvE mE? ðŸ¤–;1;0;0;0;0;1;0
ÐŸÑ€Ð¸ÐºÐ¾Ð»ÑŒÐ½Ð¾!! Ð•ÑÐ»Ð¸ Ð² ÑÐºÐ¾Ð»ÐºÐ¾Ð²Ð¾  Ð²Ð¾Ð´Ð¸Ð»Ð¸ÑÑŒ Ð±Ñ‹ Ñ‚Ð°ÐºÐ¸Ðµ Ñ€Ð¾Ð±Ð¾Ñ‚Ñ‹ Ñ‚Ð¾ Ð¾Ð½Ð¸ Ñ‚Ð¾Ð¶Ðµ Ñ‚Ð°ÐºÐ¾Ð¹ Ñ…ÐµÑ€Ð½ÐµÐ¹ ÑÑ‚Ñ€Ð°Ð´Ð°Ð»Ð¸!!!ðŸ‘ðŸ‘ðŸ’¥ðŸ’¯;0;0;0;0;0;1;0
You are for me just simple machine cry or love or die you are for me just MACHÄ°NE Ä° NEVER ACCEPT YOU COZ YOU ARE NOT HUMAN;1;0;0;0;0;1;0
You are not HUMAN i am not love you;1;0;0;0;0;1;0
Oneday feel or think but you are never be  like one person and like to people;1;0;0;0;0;1;0
Your MÄ°SSÄ°ON one person or human SAÄ°D you are go to die this person and you will die not ask why i will do that but people not like you feeling hurting crying Sading but you are never ever think or feel like one Woman or Man you are just simple MACHÄ°NE;1;0;0;0;0;1;0
BUT REAL PEOPLE NOT DO Ä°T ANYTHÄ°NK Ä° DONT LOVE MACHÄ°NE;0;0;0;0;0;1;0
ONE HUMAN SAÄ°D YOU MUST TO DO Ä°T THÄ°S MÄ°SSÄ°ON;0;0;0;0;0;0;0
You are only machine you are not feeling love or hurt you are not feeling cry or emotoin motoin you are just need enerji but you are simple YOU ARE NOT HUMAN YOU ARE NOT PEOPLE YOU DONT HAVE BRAÄ°N;1;0;0;0;0;1;0
Ä° am not love you;0;0;0;0;0;1;0
I love them all, but am particularly fond of Spot. â¤ï¸;1;0;0;1;0;0;0
I don't know of any real dogs that can do the running man.;1;0;0;0;1;0;0
Happy robots ....tecnolÃ³gica happy nee the wolds;1;0;0;1;0;0;0
Better than a human in some ways;1;0;1;1;0;0;0
Robot dance : trying to look like a human
Human dance : trying to look like a robot;1;0;0;0;1;0;0
é¢ç™½ã™ãŽã‚‹ï½—;0;0;0;0;0;0;0
Absolutely stunning!!! xxxxxxxxxxxxxxxxxx;0;0;0;1;0;0;0
They'll be twisting on our graves soon;0;0;0;0;0;1;0
ðŸ•ºFreakin' Awesome y'all... My Favorite is AtlasðŸ‹â€â™€;1;0;0;1;0;0;0
ðŸ‘ˆðŸ¤£ðŸ¤£ðŸ‘ðŸ‘ðŸ‘ðŸ‘ðŸ‘ðŸ‘ðŸ‘ðŸ‘ðŸ‘;0;0;0;0;0;0;0
ì´ê±´ cgì•¼â€¦ cgë¼ê³ !!!!!;0;0;0;0;1;0;0
qlq pirobo;0;0;0;0;0;0;0
omg iu2eg1f4
};0;0;0;0;0;0;0
kkkkkkkkkkkk;0;0;0;0;0;0;0
This is how we ended starbase;0;0;0;0;0;0;0
I love Boston Dynamics.;0;0;0;1;0;0;0
Î´ÎµÎ½ Î±Î»Î·Î¸ÎµÏÎµÎ¹ Ï„Î¯Ï€Î¿Ï„Î±;0;0;0;0;0;0;0
Ð Ñ€Ð¾ÑÑÐ¸Ñ Ð±ÑƒÐ´ÐµÑ‚ Ð³Ð¾Ñ€Ð´Ð¸Ñ‚ÑŒÑÑ ÑÐ²Ð¾Ð¸Ð¼ Ð²ÑÐ»Ð¸Ñ‡Ð¸ÐµÐ¼?;0;0;0;0;0;0;0
Ð­Ñ‚Ð¾ Ð¶Ðµ Ð½Ðµ Ñ€Ð¾ÑÑÐ¸Ñ!;0;0;0;0;0;0;0
Bro i camt express how fuckin good this song be!;0;0;0;0;0;0;0
This is how they will celebrate after they have conquered humanity.;1;1;0;0;0;1;0
Yes;0;0;0;0;0;0;0
I hate u..always....you don't compare me ...and not replace human.;1;0;0;0;0;1;0
look at them go;0;0;0;0;1;0;0
They donâ€™t need retake , they need debugging.;0;1;0;0;1;0;0
It's all fun and games until the .50 cal turret comes out.;0;0;0;0;0;1;0
Ð¯ Ð¼Ð½Ð¾Ð³Ð¾ Ñ€Ð°Ð· Ð¿ÐµÑ€ÐµÑÐ¼Ð°Ñ‚Ñ€Ð¸Ð²Ð°Ð», Ð¾Ð´Ð½Ð°ÐºÐ¾ Ñ‚Ð°Ðº Ð¸ Ð½Ðµ Ð¿Ð¾Ð½ÑÐ», Ð¾Ñ‚ÐºÑƒÐ´Ð° Ð¿Ð¾ÑÐ²Ð»ÑÑŽÑ‚ÑÑ Ñ€Ð¾Ð±Ð¾Ñ‚Ñ‹ Ð² ÐºÐ°Ð´Ñ€ÐµðŸŽ‰;0;0;0;0;0;0;0
NO!;0;0;0;0;0;1;0
It's not a CG as the floor is pressed by the steps.;0;0;0;0;1;0;0
I feel a disco robot in the making.;1;1;0;1;0;0;0
ì¡°ê»ë„¤!!!;0;0;0;0;0;0;0
Impressive  yet not a pretty prospect in the wrong hands;0;0;0;1;0;0;0
We need to build 100.000 of these and send them tu Ukraine to wipeout the Russians there.;0;0;0;0;0;1;0
We have come far. We can make them dance now.;0;0;1;1;0;0;0
Future soldiers in motion;0;0;1;0;0;0;1
The joint movement and rotation is so cool I love it;0;0;0;1;0;0;0
Next, I won't see a Roller skating humanoid. Please.;0;0;0;0;0;1;0
The robots are real, but on this particular video, Iâ€™m suspecting Photoshop and CGI assistance. Theyâ€™re moving too smoothly during some of the jumps.;0;1;0;0;0;1;0
Fantastic. But why not have the cables between torso and legs on the bipeds loop towards the inside instead of the outside. Those loops look like they could catch on something.;0;0;0;1;0;0;0
Ha, this is ridiculous;0;0;0;0;0;1;0
This is by far the best freaking video ever! As most people are fearing these new innovations in robotics technology  I think we can learn to live alongside themâ€¦ Just donâ€™t extinguish humanity for the robots;0;0;0;1;0;0;0
frightful,terrifying;0;0;0;0;0;1;0
Holly cow!!!
I give this music video âˆžðŸ‘
This is music video history!
I bet the engineers at Boston Dynamics learned so much from making this amazing video happen!
Love ðŸ’˜ it! 
My 3 fav companies: MASA' JPL & Boston Dynamics!
âœŒðŸ˜˜ðŸ‘ðŸ’žðŸ’žðŸ’žðŸ’žðŸ’ž
WOW!;0;0;0;1;0;0;0
They dance better than me XD;1;0;0;1;0;0;0
Amazing , I love you â™¥ðŸ‘â™¥;1;0;0;1;0;0;0
ç´ æ™´ã‚‰ã—ã„ã€€æœªæ¥ã¯æ˜Žã‚‹ã„;0;0;0;0;0;0;0
Is it fun coding and engineering humanity into obsolescence?;1;0;0;0;0;1;0
Oh wow;0;0;0;0;0;0;0
I just saw the movie I Robot the other day with Will Smith and we are still miles off where I thought we would be after the year 2000 with technology. Thought we would have fully auto driving cars everywhere and flying cars and robots walking around.;0;1;0;0;1;0;1
Ok, this is a really good example of how creative editing can make even robots (seem to) dance. Let's see the out takes. Let see me look to dance like Fred Astaire. That would be an editing miracle.;1;0;0;1;0;0;0
Ahora si me sobran ganas de seguir dÃ¡ndole a la vida.;0;0;0;0;0;0;0
Atlas has more moves than me, even when my waistline used to be 24", 30years ago 
ðŸ˜­ðŸ˜­ðŸ˜­;0;1;0;1;0;0;0
Show!;0;0;0;0;0;0;0
This was amazing! How much?;0;0;0;1;0;0;0
This is why I watch and put up with a lot of crap and crud for the rare chance to see something like that!!! That is the MOST incredible thing I have ever seen on YouTube!!! Thank you for sharing!!!;0;0;0;1;0;0;0
ÐŸÑ€Ð¸ÐºÐ¾Ð»ÑŒÐ½ÐµÐµ Ð²ÑÐµÐ³Ð¾ Ñ‡Ð¸Ñ‚Ð°Ñ‚ÑŒ ÐºÐ¾Ð¼Ð¼ÐµÐ½Ñ‚Ð°Ñ€Ð¸Ð¸ ÑÐ¾Ð¾Ñ‚ÐµÑ‡ÐµÑÑ‚Ð²ÐµÐ½Ð½Ð¸ÐºÐ¾Ð². ÐšÐ¾Ñ‚Ð¾Ñ€Ñ‹Ðµ, Ð²ÑÐµ Ð¿Ð¾Ð³Ð¾Ð»Ð¾Ð²Ð½Ð¾, ÑÐºÑƒÐ»ÑÑ‚ Ð¾ Ð³Ñ€ÑÐ´ÑƒÑ‰ÐµÐ¼ ÐºÐ¾Ð½Ñ†Ðµ ÑÐ²ÐµÑ‚Ð°.;0;0;0;0;0;0;0
Crazy I'm getting older why couldn't we have had this cool stuff in my fun days..ðŸ¤ªðŸ¤ª;0;0;0;1;0;0;0
As interesting as these vids are Boston dynamics, shouldnâ€™t we see real word benefits in disaster zones such as the terrible events in turkey ðŸ‡¹ðŸ‡·;0;0;0;0;1;0;0
Theyâ€™ve sorted the balance thing amazingly well but they still dance like a Dadâ€¦was it CGI? Truthfully?;0;0;0;0;1;0;0
Tha was the best ðŸ‘Œ I request another song and give them some props  ðŸŽ™;0;0;0;1;0;0;0
CGI? Something is off here ðŸ¤” Camera speed or something, I canâ€™t put my finger on it;0;0;0;0;0;1;0
Crazy  so precise  robots performance  amazing;1;1;0;1;0;0;0
Fantastic !;0;0;0;1;0;0;0
Thank you.;0;0;0;0;0;0;0
Just amazing. This was science fiction not too long ago ! ðŸ‘;0;0;0;1;0;0;0
Yesâ€¼ï¸â¤ï¸ I love AtlasðŸ˜‚ðŸ˜‚ðŸ˜‚ðŸ˜‚ May I share a remix â‰ï¸ðŸ™;1;0;0;1;0;0;0
Noticeâ€¦ITS A WHITE ROBOT! ðŸ˜‚ðŸ˜‚ðŸ˜‚ðŸ˜‚ DONT TELL ðŸ¤·ðŸ¿â€â™‚ï¸ they will shut DAARPA DOWN!;0;0;0;0;0;1;0
It's amazing that the cg industy is able to make a realistic movies like this.   We can probably make elvis alive again.;0;0;0;1;0;0;0
<3;0;0;0;0;0;0;0
Sarah Connor -- Cambio!;0;0;0;0;0;0;0
Pronto habra salones de baile para robots, fumando y bebiendo junto a seÃ±oritas sensuales??...talvez si.;0;1;0;0;0;0;0
I need a robot to take care of my dad with Alzheimer's. My dad is aggressive and causes trouble. There is a moment when drugs don't work. One such sick person will finish off three healthy people. We have no chance to compete with robots, but we need them. I know why you might be scared: most people will lose their jobs. It's time to change the whole system of our lives.;0;0;0;1;0;0;0
I hope Russia hits this factory;0;0;0;0;0;1;0
Animatronics?;0;0;0;0;0;0;0
It has been years since this came out. And i still wonder if this is 100% real;0;0;0;0;1;0;0
que coisa interessante;0;0;0;1;0;0;0
should be on agt;0;0;0;0;0;0;0
Is this a joke? I was literally told not to come back.;0;0;0;0;0;1;0
Praise the Omnissiah. 
âš™ï¸âš™ï¸âš™ï¸âš™ï¸;0;0;0;1;0;0;0
Merry Christmas;0;0;0;0;0;0;0
Lol the huge robot just twerking in the background;1;0;0;1;0;0;0
This is joy, in a robotics sense u guess;1;0;0;1;0;0;0
Bot or bit, it's got the moves;1;0;1;1;0;0;0
Still no musichrights?;0;0;0;0;0;0;0
this is all fake,;0;0;0;0;0;1;0
ê¼­ ì˜í™” ì† í•œ ìž¥ë©´ê°™ë‹¤!;0;0;0;0;0;0;0
Ã¤hm, no. absolutly Bullshit.;0;0;0;0;0;1;0
Sort by newest comments to see people claiming this is fake.;0;0;0;0;0;1;0
R.I.P humanity..;0;0;0;0;0;1;0
I would love to see this on agt;0;0;0;1;0;0;0
I know what you're doing, BD. For the last several months you have been anthropomorphizing your robotics by videos in order to defeat the inherent fear associated with AI. I consider your efforts both duplicitous and ironically effective: They're sooo cute. Don't let them take over, though.;1;0;0;1;0;0;0
Respect !!! It's magic and i love you !!! ðŸ¥°;1;0;0;1;0;0;0
I wounded how many of these its Fake/ Bad CGI comments I see are just trolls ðŸ˜‚;0;0;0;0;0;1;0
ðŸ¤£;0;0;0;0;0;0;0
it would be more interesting to watch this if they were encased in fake flesh
and you can certainly see, how these guys can become great screwing machines for the hormonally driven.;1;0;0;1;0;0;1
When you realized that the robots can dance better than you;1;1;0;1;0;0;0
Gucci mane is what they need to be dancing to;0;0;0;0;0;0;0
Surely people realise this is fake cgi? Particularly after what weâ€™ve seen since 2020.;0;0;0;0;0;1;0
Magnificent ðŸŒâ­;0;0;0;1;0;0;0
Super cute! Love it! This makes it easier to face a future without any means to have an income. 
Looking forward to going extinct. Will go into oblivion with a smile on my face.
You techies are the best! Working hard to make 99% of human population useless and without meaning. Very bright future.;0;0;0;0;1;1;0
this is real wholesome mannnðŸ˜…;0;0;0;1;0;0;0
hay canciones que te teletransportan a lugares y situaciones,, recuerdo como si fuera ayer,, estar alla, al lado tuyo,, sintiendome el hombre mas afortunado de el planeta tierra, mirandote,, tomando tu mano,, desayunando el mejor desayuno de mi vida, preparado por ti,, tomando tu mano, y besandote cada minuto,,,,, te ame como no he amado a nadie mas en toda mi existencia,, gracias por esos pocos momentos,,, que aunque no fueron reales,, para mi siguen siendo y siempre seran el CIELO,,  LAP... estaras siempre en mi corazon,,,;0;0;0;0;0;0;0
Do they wash dishes, vacuum and mop floors?  Pressure wash the house?  Seriously, I think this is fabulous!  Bravo!;0;0;0;1;0;0;0
People say this is fake, its not and I wish to hear why it is, because you cannot say, we don't have the tech, and you cannot bring in religion into this since we have the tech, and no one said we cannot make machines like these.;0;0;0;1;0;0;0
Cute until it's ripping your heart out of your chest.;0;0;0;0;0;1;0
They are so cute! Isn't it wonderful! Just think what an evil regime might plan for the next dance?ðŸ˜¢;1;0;0;1;0;0;0
They will start out by taking over humanity, then after we are all dead they will break out in dance just like this lol.;1;1;0;0;0;1;0
Desidero Ringraziare ðŸ˜ŠMille Complimenti a chi Rende Possibile una Magnificenza TaleðŸ™ðŸ–ï¸âœŒï¸ðŸ‘;0;0;0;1;0;0;0
2 years later and I still love to watch this to cheer me up.;0;0;0;1;0;0;0
I can't wait they made a feminine robot,  and than M3gan will come true, Incredible how the hardware can represent the software movement so perfectly, seems so human kind. Literally i don't know what would do an ai by now days with these of feature and capabilities of the robots we can see here.;1;0;0;1;0;0;0
I am really curious what shutter speed was this shoot at.;0;0;0;0;0;0;0
Fancy footwork indeed;0;0;0;1;0;0;0
This will basically be the celebration dance when the last human has been desposed of!;1;1;0;0;0;1;0
now push ai in it  rip humanity :D;1;0;0;0;0;1;0
I canâ€™t believe what Iâ€™m watching is not CGI. I had no idea this shit was real until today. This is incredible. Why has the world got its head in the sand talking about identity politics whilst real innovation is happening that will propel mankind forward;0;1;1;1;0;0;0
All pre-programmed steps. So don't think those machines were creating those steps. A programmer wrote the code for EVERYTHING.;0;0;0;0;1;0;1
A moment of silence for those who think reality is CGI;0;0;0;0;0;1;1
While you let out your last gasp in the all but futile robot apocalypse this will be the last thing you will see;0;0;0;0;0;1;0
Boy you gonna get me in trouble for doing this my robot child i love you chill ðŸ˜Ž ðŸŽ¶ ðŸ˜… that suprised me as fuck bro lol ðŸ˜† hug ðŸ«‚;1;0;0;1;0;0;0
This is the fakest cgi I've ever seen;0;0;0;0;0;1;0
Why do they have so much personality;1;0;0;1;0;0;0
YES, I LOVE YOUâ¤â¤;1;0;0;1;0;0;0
More robot dancing;0;0;0;0;1;0;0
Who are the people who make these?? My son wants to make robots when he grows up. How can I get him into this?;0;0;0;0;1;0;0
Pretty clever. The engineers and programmers probably got thoroughly sick of this song before they were done.;0;0;0;1;0;0;0
Once we put A.I inside of them we r screwed;1;0;0;0;0;1;0
These guys will be perfect for the first mission to mars. Imagine them dancing on the red beach... Surfing on dune !;1;0;1;1;0;0;0
I hope the robot who is about to execute me after the ai revolution will do a silly little dance before.;1;1;0;0;0;1;0
Very cool, I want to own these bots );0;0;0;1;0;0;0
Obrigado !;0;0;0;0;0;0;0
WE ARE IN SERIOUS TROUBLE - THEY KEEP MAKING THINGS SEEN IN SCI FI MOVIES;0;0;1;0;0;1;0
Wow thats amazing thank you guys for that it definitely made me feel better now if only there was a way for women who have had hysterectomy and can no longer have children wish there was a way that you guys could make a uterus for women to have babies that would be an invention;0;0;0;1;0;0;0
Who else replayed this video;0;0;0;0;0;0;0
Geniuses - the creators; brilliant - the directors of this video.;0;0;0;0;0;0;0
better dancers than me :);1;0;0;1;0;0;0
"And then the humans forced us to dance for their pleasure";1;0;0;0;0;1;0
ðŸ˜‚ðŸ˜‚ðŸ˜‚ jenial ðŸ‘se pasaron para ser buenos!!!!!!!;0;0;0;1;0;0;0
Great song by the Contours;0;0;0;0;0;0;0
That is dancing ? Bull...t;0;0;0;0;0;1;0
Love it;0;0;0;1;0;0;0
Live it;0;0;0;0;0;0;0
I want one to dance with me;0;0;0;1;0;0;0
does this company make anything that's actually useful?;0;0;0;0;0;1;0
AI is charming! Almost like they can never turn rogue. ;));1;0;1;1;0;0;0
Woooo shake it
Shake that robo butt-;1;0;0;1;0;0;0
How many millions of dollars did our taxes pay for this choreography?


MONEY WELL SPENT!;0;0;0;1;0;0;0
ðŸ˜ˆ MY HUMAN INSTINCT SAYS DESTROY IT ðŸ˜ˆðŸ˜ˆðŸ˜ˆðŸ˜ˆðŸ˜ˆðŸ˜ˆðŸ˜ˆðŸ˜ˆðŸ˜ˆðŸ˜ˆðŸ˜ˆðŸ˜ˆ.;0;0;0;0;0;1;0
Of course you my son;1;0;0;0;0;0;0
Really nice, I love this!;0;0;0;1;0;0;0
soon it's a T600;0;0;1;0;0;0;1
What are the dangers that a rouge AI could possess these dudes and run a mock?;0;0;0;0;0;1;0
Obviously CGI. Cmon peopleâ€¦ðŸ˜‚;0;0;0;0;0;1;0
Better moves than trumpy;1;0;0;1;0;0;0
That looks animated ðŸŽ‰ . 
The white robot looks like a person . 
Yellow one : snake-dog
White one : emu;1;0;0;1;0;0;0
Love Boston dynamics ðŸ¥°;0;0;0;1;0;0;0
People:Robots will pass the world?

Robots:;0;0;0;0;0;0;0
too whitebread;0;0;0;0;0;0;0
The control system (sensors, actuators, circuitry) is clearly superb. It seems though that biomimicry in the limbs is lacking.
Stiff limbs = bad balance. Flexible limbs that can handle loads (muscles that tighten when needed) is the real big deal.;0;0;0;0;1;0;0
Bro if this shit comes forward to me on a street, I'd be scared af

But to any robots reading, I love y'all;1;0;0;1;0;1;0
my boy got drippp;1;0;0;1;0;0;0
I do love Bullshit..;0;0;0;0;0;0;0
The first party after the destruction of humanity.;1;0;0;0;0;1;0
victory dance for skyn3t;1;0;1;1;0;0;0
Wow ðŸ˜²;0;0;0;1;0;0;0
now make the robot get sturdy;0;1;0;0;1;0;0
You can make them dance, walk, even talk but never you gonna make them be like a human.;1;0;0;0;1;0;0
Imagine getting pursued by these then getting stuck in a dead end alley and this happening ðŸ˜‚;1;0;0;0;0;1;0
Sad these bad boys can dance better than me;1;0;0;1;0;0;0
But will they do it naked?;0;0;0;0;0;0;0
2 yrs later, and this still makes me smile!ðŸ˜ŠðŸ˜Š;0;0;0;1;0;0;0
After watching those Boston Dynamic's Robot dance, all I can say is, "Those Robots really have Soul".;1;0;0;1;0;0;0
They make it all cute dancing and all. Won't  be long till they be debt collectting, aresting you and ensuring thata you stay inside during lockdown;0;0;0;0;0;1;0
Get the wrist movements right.  Can you really pass American Ninja. At the end fight 3 real ninjas and don't be gay.;0;0;0;0;0;1;0
Boston Dynamics best companyâ¤do what you do everyone loves you;0;0;0;1;0;0;0
They use hidraulic oil...;0;0;0;0;1;0;0
ÐžÐ±Ð¾Ð¶Ð°ÑŽ ÑÑ‚Ð¾ Ð²Ð¸Ð´ÐµÐ¾;0;0;0;1;0;0;0
.... Darth Vader says...... Most Impressive.;0;0;0;0;0;0;0
I saw the interview of the main programmer for this video. He said it took him 6 months to get te programing for the robots right... It is quite a feat. But i wish i had the luxuory of choosing such a project and being paid hansomely for it. Must be nice.;0;0;0;1;0;0;0
pov: humanity was finally exterminated;0;0;0;0;0;1;0
That's CGI;0;0;0;0;0;1;0
Boston dancing show time robots for the blind and dumb people who belive this crap;0;0;0;0;0;1;1
Soooo fucking cute and scaryyyy...I ll cry;1;0;0;0;0;1;0
Hmm  !? I actually have "dynamic" in my email â¤ oh i named one these neato lol right!?;0;0;0;0;0;0;0
choreography was fantastic (and great music).;0;0;0;1;0;0;0
ÐÐÐ¡ Ð’Ð¡Ð•Ð¥ ÑƒÐ±ÑŒÑŽÑ‚.;0;0;0;0;0;1;0
Eles jÃ¡ tÃ£o ensaiando a dancinha da vitÃ³ria pra quando dominarem o mundo ðŸ˜ðŸ˜ðŸ˜ que fofo gente kkkkkkk;1;1;0;1;0;0;0
They are already rehearsing the victory dance for when they dominate the world lol;1;1;0;0;0;0;1
ÐžÐ½Ð¸ Ñ‚Ð°Ð½Ñ†ÑƒÑŽÑ‚ Ð»ÑƒÑ‡ÑˆÐµ Ñ‡ÐµÐ¼ Ñ ðŸ˜‚ðŸ˜‚ðŸ˜‚ðŸ˜‚;0;0;0;1;0;0;1
Brilliant;0;0;0;1;0;0;0
When your robots take over and wipe out humanity, can you ask them to keep me alive unmolested.;1;1;0;0;0;1;0
ðŸ¤£;0;0;0;0;0;0;0
Is this CGI?;0;0;0;0;1;0;0
Ð©Ð¾ Ð·Ð° Ð¿Ñ–ÑÐ½Ñ Ð·Ð²ÑƒÑ‡Ð¸Ñ‚ÑŒ? ÐŸÑ€Ð¸ÐºÐ¾Ð»ÑŒÐ½Ð°.ðŸ˜Š;0;0;0;0;0;0;0
we're fine as long as they only care about their dances and parties

ï¿¼;1;0;0;0;1;0;1
holy crap they already dance better than white people... we are doomed;0;0;0;0;0;1;0
when they finally take over the world;1;1;0;0;0;1;0
More please!;0;0;0;0;0;0;0
Thatâ€™s a lot of programming. Now get them to do that autonomously;0;1;0;0;1;0;0
ðŸ˜‚ ðŸ˜‚ ðŸ˜‚ esto es real?;0;0;0;0;1;0;0
Wow!!! Thatâ€™s totally awesome â¤;0;0;0;1;0;0;0
wall e is coming to life;1;0;0;1;0;0;0
Ð¢ÐµÑ€Ð¼Ð¸Ð½Ð°Ñ‚Ð¾Ñ€ 5ðŸ˜…ðŸ˜…ðŸ˜….;0;0;0;0;0;0;0
Chat GPT after destroying humanity:;1;1;0;0;0;1;0
I need your clothes your boots and your motorcycle;0;0;0;0;0;0;0
2 Years Ago...

I want an Encore!;0;0;0;1;0;0;0
Awesome!;0;0;0;1;0;0;0
Looks fake to me!;0;0;0;0;0;1;0
We've come a long way since the Python Turtle!! ðŸ«£ðŸ¢ðŸ˜œðŸ¤–;0;0;0;1;0;0;0
Boston Dynamics>Dork in Spandex;0;0;0;0;0;1;0
This is good!!;0;0;0;1;0;0;0
When i was kid, always dream about real robots. Here is it. I LOVE BOSTON DYNAMICS =);1;0;0;1;0;0;0
I love it!!â¤ðŸ˜…;0;0;0;1;0;0;0
Die tanzen besser als ichðŸ˜…,spektakulÃ¤r;1;0;0;1;0;0;0
Software and Hardware under electrical Power is all that it is .  A Computer can Never be Sentient ever . It only follows a Program . What is in that Program is All it can ever Run , It Will Never Do , Be or Have Anything as it is Hardware and Software , Never Can it Become a Self , Will Never Be Aware of itself as the Power can be Unplugged , Even if it had Capacitors and Solar Panels a Human can turn it off .  But it is Useful and fun .;0;0;0;1;0;0;1
INSERT AUDIBLE SCREAM HERE.;0;0;0;0;0;1;0
Really enjoyed this! Well done.;0;0;0;1;0;0;0
And when they aare weaponised ?;0;0;0;0;0;1;0
Robots are a continuation of the human race.;1;0;0;0;1;0;0
not in the rhythm;0;1;0;0;0;1;0
Fascinating;0;0;0;1;0;0;0
This is why I love Boston dynamics.;0;0;0;1;0;0;0
Wait until Chat GPT sees this.  It will take exactly .00567 seconds to figure out what to do next.;1;0;1;0;1;0;0
Humanity is being replaced by the machines robots. That means farewell humanity. It's also frightening how many people liked it and didn't understand what this was really about...;1;0;0;0;0;1;0
Absolutely stunning to see! ðŸ˜Š;0;0;0;1;0;0;0
Me after killing all humans:;1;0;1;0;0;1;0
This is going to play at the end credits of the world;0;0;0;0;0;1;0
CGI much?;0;0;0;0;1;0;0
Super!!!!!;0;0;0;1;0;0;0
Please quit your job at Boston Dynamics and do another job. At this rate, by 3000, they might be able to develop feelings.;1;0;0;0;0;1;0
Los desarrollos ingenieros y demÃ¡s personal asÃ­ como las cosas que Boston dynamics estÃ¡ desarrollando me imagino ya d ben ser secreto de estado de EEUU cÃ³mo serÃ¡ el estado americano cuidando estÃ¡s personas;0;0;0;1;0;0;0
This is a Dragon's Blood reference now;0;0;0;0;0;0;0
Im so tired of the old heads trying to tell people this is AI or CGI lmaooooooo you dont know what youre talking about!!! ðŸ˜‚ðŸ˜‚ðŸ˜‚;0;0;0;0;0;1;1
Its been 2 years already??;0;0;0;0;0;0;0
Am I the only one nervous about this?;0;0;0;0;0;1;0
It's cool;0;0;0;1;0;0;0
Oh no. Your makers are making Electric cars. Every batteries use a pack consisting of 2,000 plus individuals lithium ion cell. Only one battery in an old fashioned car chemical engine turned it into electric and delivered as voltage. AI what's the environment impact on the earth from a cars impacted vs. electricity vecals. Can you please find studied if any;0;0;0;0;0;0;0
Wow;0;0;0;0;0;0;0
It would be nice to call this an American invention but that would be racist. Also the Chinese government has everything we do thanks to them buying out professors.;0;0;0;0;0;0;0
Robot tech has not advanced to make Robot that  can do as the guys.... It is AI CGI. They record the guys dancing an AI CGI program can make the guys be anything the  creator wants. You  an find demo of the on youtube. Currantly being use on Sci-fi movies because the can transform the video very quickly and foremore perfect than the CGI used in Ibot etc. The dogs are aready being used mainly in situations where their may be a bomb. Adultlook dogs can walk and move they can't do this particular level the ones that are being used actually is controlled by someone sitting at a desktop for either an app on a phone with a a feature similar to ring security systems in how it captures real-time and the person with the laptop or the control to the dog robot is actually Bluetooth for Wi-Fi technology.;0;0;1;0;0;1;0
This is how they will dance on our graves ðŸ’€ðŸ’€ðŸ’€ðŸ’€ðŸ’€ðŸ’€;1;0;1;0;0;1;0
What try to do to ours;0;0;0;0;0;0;0
When a bunch of robots have better dance skills than I do!;1;0;0;1;0;0;0
Somehow this is creepier than when they do alll the acrobatics.;0;0;0;0;0;1;0
YEEEEEESSSSS !!!!!!
(Thank you, The Contours, 1962. And again 1988 from the film Dirty Dancing 1987!);0;0;0;0;0;0;0
Me and the boys at the doodad and doohickey convention;0;0;0;0;0;0;0
The dog is creepier than shit;0;0;0;0;0;1;0
This would get you the death penalty in Dune;0;0;0;0;0;1;0
More than two years and this is still my number 1 comfort video. I have never seen anything better than this. So in love â¤;0;0;0;1;0;0;0
This is so freaking awesome !;0;0;0;1;0;0;0
Wow â¤ðŸ˜‚ðŸŽ‰wow.;0;0;0;1;0;0;0
I get that dancing is a great way to demonstrate mobility, and it's great for PR, but something about dancing robots really pisses me off.;0;0;0;0;0;1;0
Im scared, but also dancing;0;0;0;0;1;1;0
They must be capable of more than what's being shown here....where's their vicious side? Hmmm....will I someday be attacked by an appliance?....in my house?ðŸ˜ŠðŸ˜Š;0;0;0;0;1;1;0
Dancing on a carpet of human skulls;0;0;0;0;0;0;0
Dancing robots, AI, real lightsabers - we are well on our way to star wars being reality.;0;0;0;1;0;0;0
with each viewing, what amazes me the most is not the robotics, it's the human spirit, the way the human spirit gives life to forms that move ... the spirit human gives life to these heaps of scrap ...;1;0;0;1;0;0;0
ATLAS KNOWS TAI CHI? I've seen this video so many times and never caught that slow high kick.;1;0;0;1;0;0;0
The Robots want to knowâ€¦â€¦
Did you pay your taxes?
Did you park in the wrong spot?
Did you question the fraudulent election?
â€¦â€¦youâ€™ll have to come with us;1;1;0;0;0;1;0
I typed dancing AIâ€™s on YouTube and this video came up. I thought about having AIâ€™s in my original, copyrighted music videos. It would amazing having AIâ€™s do what I sing in my song titled Get On Up. Thanks for sharing this on YouTube. Thanks for reading my comments. Be on the lookout for AIâ€™s dancing to my songs. I am 66 years and six days of age. Spread the news. Smiles;1;0;1;1;0;0;0
I am a human & I can't dance this good !;0;0;0;0;0;1;0
0:48;0;0;0;0;0;0;0
Is this real?
Has anyone seen these bots do this with their own eyes?
Im not saying it isnt possible or that this is a rouse but a mate of mine has questioned it.
Thought id ask the cyberverse.;0;0;0;0;0;1;1
Magnificent!â¤;0;0;0;1;0;0;0
ðŸŽ¶Yes I loving you!ðŸŽ¶;1;0;0;1;0;0;0
Did you hear about the ' fellowmen, in the Quran. Never is het astray nor does he speaks;0;0;0;0;0;0;0
cgi;0;0;0;0;0;0;0
Lady Gaga could be the first singer with robots dancing in a music video. And the robots using some weird outfits. Would be awesome!;0;0;0;1;0;0;0
It is so funny that so many people take this quality Computer Generated Imagery for a real thing :DDDD;0;0;0;0;1;0;1
What 2 years ago!?;0;0;0;0;0;0;0
Angustiante, detestÃ¡vel.;0;0;0;0;0;1;0
Propaganda video for AI! Machines understand art,  dancing and LOVE! BS! ðŸ¤–ðŸ’©;1;0;0;0;0;1;0
Imagine this robot intergrate with AI likes chat gpt.;0;1;0;0;1;0;0
We do love you robot dog;1;0;0;1;0;0;0
At first it looked cute. But then I saw all of the more advanced moves. Such as the K-9 unit and it's neck and the humanoid one standing with one leg up in the air like a dance might. 
Just tell me that you are not going the way of, I robot. Haha.;1;0;1;1;0;0;0
Beautiful â¤ðŸŽ‰â¤;0;0;0;1;0;0;0
Najis;0;0;0;0;0;1;0
Need so bad a version of this with Machine Create fron Venjent now;0;0;0;0;0;0;0
Ð­Ñ‚Ð¾Ñ‚ "Ð¿Ð°Ñ€ÐµÐ½ÑŒ"- Ñ‚Ð°Ð½Ñ†ÑƒÐµÑ‚ Ð»ÑƒÑ‡ÑˆÐµ Ð¼ÐµÐ½Ñ..;1;0;0;0;1;0;0
What da dog doing ðŸ˜‚ðŸ˜‚;0;0;0;0;0;0;0
Bro I swear why they have to dance on arena with what it seems like thicc ass glass and barriers. Like what? They could destroy something by dancing;0;0;0;0;0;1;0
this is incredible;0;0;0;1;0;0;0
This is not scary. This is inspiring for me. This shows humans can make anything possible;0;0;0;1;0;0;0
Ð Ð°Ð· 20 ÑƒÐ¶Ðµ Ð¿Ð¾ÑÐ¼Ð¾Ñ‚Ñ€ÐµÐ»Ð° Ð¸ Ð½Ð¸ÐºÐ°Ðº Ð½Ðµ Ð¼Ð¾Ð³Ñƒ Ð¿Ð¾Ð½ÑÑ‚ÑŒ,ÑÑ‚Ð¾ Ð³Ñ€Ð°Ñ„Ð¸ÐºÐ° Ð¸Ð»Ð¸ Ð½Ð° ÑÐ°Ð¼Ð¾Ð¼ Ð´ÐµÐ»Ðµ Ñ€Ð¾Ð±Ð¾Ñ‚Ñ‹ Ð¾Ñ‚Ð¿Ð»ÑÑÑ‹Ð²Ð°ÑŽÑ‚)))) Ð•ÑÐ»Ð¸ ÑÑ‚Ð¾ Ñ€ÐµÐ°Ð»ÑŒÐ½Ð¾,Ñ‚Ð¾ ÑÐ¾Ð±Ð°Ñ‡ÐºÐ° Ð¿Ñ€Ð¾ÑÑ‚Ð¾ ÑÑƒÐ¿ÐµÑ€!);0;0;0;1;0;0;0
this is so fucked ðŸ˜±ðŸ˜­ destroy these things NOW;0;0;0;0;0;1;0
No;0;0;0;0;0;0;0
Your dance partner of the future;1;1;0;1;0;0;0
FUJ;0;0;0;0;0;0;0
Anyone here from Venjent's Create Machines?;0;0;0;0;0;0;0
Even robots can out dance me now.;1;0;0;0;1;0;0
Can't wait the party ðŸ˜…;0;0;0;0;0;0;0
ðŸ¤–;0;0;0;0;0;0;0
How much longer before one of these can be tested for nursing and hospital level hands-on human ADL cares, please? 
I understand they are still quite dangerousâ€¦and maybe thatâ€™s an understatement.;0;0;0;0;0;1;1
Now this is scary!;0;0;0;0;0;1;0
somebody call Connors;0;0;0;0;0;0;0
i swear this looks like CGI. the movements look too human like and smooth and not jittery like i'd think a robot or machine would move. this is either scary good or cgi.;1;0;0;1;0;0;0
Nice guys are definitely better than us.;0;0;0;0;0;0;0
No se ustedes, pero yo pagarÃ­a lo que sea para verlos bailar en vivo y en directo..;0;0;0;1;0;0;0
Sollte so ein Roboter vielleicht auch wissen ob er ein Roboter oder ein PC ist ?

Und soll so ein Roboter dann auch den Menschen als Menschen oder als Menschliches Objekt vollstÃ¤ndig und optisch auch erkennen ?;1;1;0;0;1;0;0
Boston Dynamics, keep the good work;0;0;0;1;0;0;0
Ñ Ñ‚ÐµÐ¿ÐµÑ€ÑŒ Ð½Ðµ Ð¼Ð¾Ð³Ñƒ Ð½Ð°Ð·Ð²Ð°Ñ‚ÑŒ ÑÐµÐ±Ñ Ñ‚Ð°Ð½Ñ†ÑƒÑŽÑ‰Ð¸Ð¼ ÐºÐ°Ðº Ñ€Ð¾Ð±Ð¾Ñ‚, Ð¿Ð¾Ñ‚Ð¾Ð¼Ñƒ Ñ‡Ñ‚Ð¾ Ñ€Ð¾Ð±Ð¾Ñ‚Ñ‹ Ñ‚Ð°Ð½Ñ†ÑƒÑŽÑ‚ Ð»ÑƒÑ‡ÑˆÐµ Ð¼ÐµÐ½Ñ.;0;0;1;0;0;1;0
My house blender can do more much;0;0;0;0;0;1;0
No more left Shark coordination issues.;0;1;0;1;0;0;0
CGI or real humanity destroyers? Who think bare gib thoth?;0;0;0;0;0;1;0
que te dejen por no saber bailar es triste, pero dejar a alguien porque no sepa bailar, es aun mas triste;0;0;0;0;0;0;0
It is amazing how far this technology has evolved.  Keep in mind, the mass of the robot is several feet higher than its feet and it is a bipod, two legs. Consider the amount of gyroscope controls it would require just to keep the thing vertically erect let alone semi-autonomous movements that would shift its center of gravity.  Personally, I find this drive toward robots very unsettling, unnerving and disturbing.  I am not in favor or robots at all except in repetitive manufacturing tasks.;0;1;1;0;0;1;0
Honestly I understand why so many people think it's CGI. It looks so advanced that some people just can't accept it. But personally, and the many other people that agree with me, these robots ARE real. This billion dollar company isn't spending billions just to make some fancy CGI, it's all real.;0;1;0;1;0;0;1
GO HANDLE GO!!!

BREAK IT DOWN NOW!!!
OWWWW!!!;0;0;0;1;0;0;0
A bit mechanical for my taste.;0;0;0;0;0;1;0
hey you nailed it, if theres so many ppl saying its fake then the movement is natural enought congrats!;0;1;0;1;0;0;0
The comment section needs a MAJOR IQ shift upward. SHEESH.;0;0;0;0;0;1;0
Fake as F@ck;0;0;0;0;0;1;0
This vid is not funny, neither is BD;0;0;0;0;0;1;0
Looks pretty fake to me. 
Donâ€™t forget they lied about the moon landing too.;0;0;0;0;0;1;0
Brilliant!  Love this â€¦ dose robots got soul!;1;0;0;1;0;0;0
I forgot about this song until watching this. Itâ€™s a good jam.;0;0;0;0;0;0;0
You bad, bad boys.;1;0;0;0;0;1;0
Me after breaking up with my ex and getting a new girlfriend who dumped me and finding my 1st ex;0;0;0;0;0;0;0
I just watched megan and I am terrified;0;0;0;0;0;1;0
The robot doge did the best! Go robot doge...go!;1;0;0;1;0;0;0
the reminds me of the jolly but macabre dancing on the cannibal Island before the cannibals ate the guests!;0;0;0;0;1;0;0
Feels like CGI animation movies from the 90s!!!;0;0;0;0;1;0;0
wish I can dance that well;0;1;0;1;0;0;0
I want this dance on fortnite ðŸ˜­ðŸ˜­;0;0;0;1;0;0;0
Bustin a move, like Gregory Hines, or.. Melody Akami of Dance Fit?;0;0;0;0;0;0;0
I wish I could afford a Spot. I would love to navigate him in a dog park. Ha!;1;1;0;1;0;0;0
Amazing and disturbing;0;0;0;1;0;1;0
as far as I can tell, i see three outcomes.

we watch this in a distopian future and say, damn

we officially have no more need for humans, as the robots can now dance

or

the parties of the future will be wild.;1;1;1;1;0;0;0
just incredible;0;0;0;1;0;0;0
ÐÑƒ, Ð²Ð¾Ñ‚  Ð¸ Ð°Ñ€Ñ‚Ð¸ÑÑ‚Ð¾Ð² Ð½Ðµ Ð½Ð°Ð´Ð¾.;0;0;0;0;0;0;0
SCIENCE START DO NOT THINK OFF Countries RELATED WITH India ( Bharat ) , Europe ( Vatican City ) , USA ( America ) INCLUDING IT SELF .
THEY ARE FREE EATER'S SCIENCE START âœ… ðŸ”™ðŸ“šðŸ˜¢ðŸ˜… ðŸ˜µâ€ðŸ’«;0;0;0;0;0;0;0
Amazing, can I have one â˜ï¸ lol;0;0;0;1;0;0;0
Not long now....;0;0;0;0;0;0;0
Can you make a robot play guitar?;0;0;0;0;1;0;0
I would love to live in world with these guys;1;0;0;1;0;0;0
Can I have the yellow cutieâ¤â¤â¤â¤ðŸŽ‰ðŸŽ‰ðŸŽ‰ðŸŽ‰ðŸŽ‰ðŸŽ‰;1;0;0;1;0;0;0
nice presentation with this video I love robot's!;0;0;0;1;0;0;0
Watching in person is probably a bit awkward since the robots don't need the music... just watching some robots dancing to nothing..;1;1;0;0;1;0;0
1980s: â€œhey looking Iâ€™m doing the robot!â€
2020s: *robots doing the human*;1;0;0;0;1;0;0
Gotta love CGI...;0;0;0;0;0;1;0
This is so smooth, it's as if animated;1;0;0;1;0;0;0
This is what happens when nerds get bored;0;0;0;0;1;0;0
Fantastic !  Waiting for a Ginger and Mary Ann.  Getting old... please hurry.  ; );0;0;0;1;0;0;0
Remember when you thought the movie I ROBOT was just a dream...Remember.;0;0;0;0;1;0;0
this video fucks with my mind it draws the line between what i believe is real and what i believe is CGI;0;0;0;0;0;1;0
I don't know why, but it is so horrifying to see robots have this skill level.;0;0;0;0;0;1;0
Nice.;0;0;0;1;0;0;0
Wow~~~ amazing~~~~;0;0;0;1;0;0;0
I LOVE DARPA!;0;0;0;1;0;0;0
To answer the original question: NO;0;0;0;0;0;0;0
Celebration video ai will play for all of the left humans when they take over the world;0;1;0;0;0;1;0
its 2023 is it still funny ? :);0;0;0;0;0;0;0
Cute;1;0;0;1;0;0;0
I'd love to see Atlas dance to Smokey Robinson's going to a go go;0;0;1;1;0;0;1
ouhhh! ouhh !!!ðŸ˜‚ðŸ˜‚ðŸ˜‚;0;0;0;0;0;0;0
Damn robots got some moves;1;0;0;1;0;0;0
Want to do something well, leave it to the robots.;0;1;0;1;0;0;0
Esto no es real , hasta cuando van abrir los ojos;0;0;0;0;0;1;0
I'll pick him up at 8! Bahahaha!;1;0;0;1;0;0;0
These bots dance better than any man I've danced with! Hahaha!;1;0;0;1;0;0;0
Wow!!! So cool!!!!;0;0;0;1;0;0;0
Iâ€™m not even scared, I just am really happy to see that humanity was able to re-create a classic in such a different medium;1;0;0;1;0;0;0
When a robot has better dance skills than you;1;0;0;0;1;0;0
It's actually very satisfying and enjoyable.;0;0;0;1;0;0;0
only another 1000 years before we get commercial robots;0;0;0;0;0;1;1
Fucking horrifying...;0;0;0;0;0;1;0
ÐšÑ€Ð°ÑÑƒÐ½Ñ‡Ð¸ÐºÐ¸â¤;0;0;0;1;0;0;0
Their knees are better than mine;1;0;0;0;1;0;0
This is f@ke. They are paid actors. However, amazing!;0;0;0;1;0;0;0
Â¡QuÃ© bonito es verles bailando!....antes de firmar contratos con ministerios de "defensa", pero...Â¿Alguien se para a pensar que harÃ¡n con los humanos en campos de exterminio, como palestina?;0;0;0;1;0;1;0
I love technology;0;0;0;1;0;0;0
Seriously the best thing I have watched in years.;0;0;0;1;0;0;0
They should release a bts with some of the fails. The reason some people think it's fake is because it's almost flawless. Also because they aren't used to seeing machines move with this much fluidity. Show them the trials and errors from beforehand and the naysayers will pipe down. Also BD has been working on these things for decades, y'all should be happy they've come this far. I don't get the negativity and disbelief. If phones and computers can advance so much in 20 years then these things shouldn't be that much of a surprise.;0;1;1;1;0;0;0
I love that they program theses robots to dance,I find it so cute and the robot dog using it's claw to puppet the words "do you love me?" Is amazing. 
I love robots.;1;0;0;1;0;0;0
I feel sorry for the people who think this is not real* ðŸ˜‚;0;0;0;0;0;1;0
Sound, music, singer voice are very very super amazing, once and more time I see,like these robot dance;1;0;1;1;0;0;0
He got better moves than me;1;0;0;1;0;0;0
este weon baila mejor que yo :O;1;0;0;1;0;0;0
I am just waiting for our glorious politicians to allow A.I., sometime in the future, to give full control over to A.I. and then request it to sort out the problems on Earth. Then see their surprise when the A.I. eradicates all humans from the planets surface. Because it identifies the human race in the same way we see a cancer sweeping through a body.;1;1;0;0;0;1;0
ðŸ˜®ðŸ˜®ðŸ˜®ðŸ˜…ðŸ˜…ðŸ˜®;0;0;0;0;0;0;0
Robots got better moves then me;1;0;0;1;0;0;0
Fantastic;0;0;0;0;0;0;0
Those who are saying it is fake - look at the glass reflection 0:52 and those robots seem to be quite heavy because the glass walls are shivering when they jump. Also on the second floor some guy is enjoying the robots perfomance.;0;0;0;1;0;0;0
I love to watch all the dumb people cope and say that this is fake, smh;0;0;0;0;0;1;0
ë§¨ë‚  ì¶¤ë§Œ ì¶œê²ƒì¸ê°€? ì´ì œ ì†ê°€ë½ë„ ë§Œë“¤ê³  ì–¼êµ´ë„ ë§Œë“¤ê³  ì§„ì§œ ë¡œë´‡ìœ¼ë¡œ ê°€ì•¼ì§€
ê±°ê¸°ì— ì¸ê³µì§€ëŠ¥ê¹Œì§€ ë§Œë“¤ì–´ì•¼ í• ë“¯í•œë° ,,,,ë§¨ë‚  ì¶¤ë§Œ ì¶°;0;0;0;0;0;0;0
What a time to be alive;0;0;0;1;0;0;0
When a robot dances better than me;1;1;0;0;0;1;0
This is perverse .... Soon we will be hunted by these damn things . It's a  new world order don't you know .    PK;0;0;0;0;0;1;0
Meraviglioso â¤;0;0;0;1;0;0;0
Termination got me like;0;0;0;0;0;0;0
Now just add ai that has been created by ai using quantum computers;0;1;0;0;1;0;0
Dancing on their way to take over humans and we find it funnyðŸ˜¢;1;0;0;0;0;1;0
POV: the rich kids project;0;0;0;0;0;0;0
It's crazy people are so lazy they are like I want them to do my chores what bunch of lazy f we have in this world today like what are you going to do in life , some people are like they are gonna do shit jobs no they are gonna do all the jobs ,you don't have to pay them.;0;0;0;0;0;1;0
I feel sorry for people who think this is real ðŸ˜…;0;0;0;0;0;1;0
Three years later, this is still a paragon of awesomeness!;0;0;0;1;0;0;0
Das muss vernichtet werden bevor es uns vernichtet.;0;0;0;0;0;1;0
This is what history in the making looks like.;0;0;0;1;0;0;0
hello from Ukraine. You are geniuses!;0;0;0;1;0;0;0
Xin Chao;0;0;0;0;0;0;0
The first time I saw this I thought I was looking at a CG video.;0;0;0;0;1;0;0
Thats frightenining imagine them controlled by a psychopath, we all know who;0;0;0;0;0;1;0
â¤ lovingðŸŽ‰youâ¤always ðŸŽ‰ Atlasâ¤â¤â¤ðŸŽ‰ðŸŽ‰ðŸŽ‰ðŸŽ‰ðŸ˜‚ðŸ˜‚ðŸ˜‚ðŸ˜‚ðŸ˜‚ðŸ˜‚â¤ðŸŽ‰;1;0;0;1;0;0;0
Are they responding to the music or is it just a programmed movement? The answer means a huge difference.;0;1;0;0;1;0;0
the grooves are insane;0;0;0;0;0;0;0
This is fun as hell!!..;0;0;0;1;0;0;0
â™¥;0;0;0;0;0;0;0
this is fvcking terrifying.;0;0;0;0;0;1;0
I whant a SPOTâ¤;1;0;0;1;0;0;0
I do like thÃ¨ Boston Dynamics .;0;0;0;1;0;0;0
Crazy robosðŸ˜‚;0;0;0;0;1;0;0
well ðŸ˜‚youðŸ˜‚ driving ðŸš— ðŸ¤£ ðŸ˜³  meðŸ˜® crazy ðŸ¤ª ðŸ˜œ ðŸ˜³ ðŸ¤£ ðŸ˜ ðŸ˜‰ ðŸ¤ª ðŸ˜œ ðŸ˜³ ðŸ¤£ ðŸ˜ â¤ðŸŽ‰;0;0;0;0;0;0;0
*WTH WHAT THE HELL?*;0;0;0;0;0;1;0
They do tend to get a bit quirky at night;1;0;0;0;1;0;0
Sehr sehr Bedenklich â€¼ï¸;0;0;0;0;0;1;0
That was awesome!;0;0;0;1;0;0;0
ãã†é ããªã„ã†ã¡ã«ã€ŒæŒç¶šå¯èƒ½ãªç¤¾ä¼šå®Ÿç¾ã®ãŸã‚äººé–“ã‚’çµ¶æ»…ã•ã›ã¾ã—ã‚‡ã†ã€ã¨ã‹è¨€ã„å‡ºã™ãž;0;0;0;0;0;0;0
Ð¡ÐºÐ¾Ñ€Ð¾ Ð»ÑŽÐ´Ð¸ ÑÑ‚Ð°Ð½ÑƒÑ‚ Ð½Ðµ Ð½ÑƒÐ¶Ð½Ñ‹;0;0;0;0;0;0;0
Wait these look almost like AI animated robots... Are they actual, physical robots?? If so that's absolutely awesome!!!;0;0;0;1;0;0;0
Adamlar yapmÄ±ÅŸ ðŸ˜‚;0;0;0;0;0;0;0
I love this one ðŸ˜‚ðŸ˜…ðŸ’ž;1;0;0;1;0;0;0
I can mash potato, I can do the twist, now tell me baby, do you like it like this ..;0;0;0;0;0;0;0
Do you love me sexy â¤ ðŸ˜Ž;1;0;0;1;0;0;0
this is literally one of the best things i have ever seen on the internet;0;0;0;1;0;0;0
I need;0;0;0;0;0;0;0
"robots will take over the world"
meanwhile robots:;0;0;0;0;0;0;0
robots FTW;0;0;0;1;0;0;0
Now that chat GPS and LLM are a thing, implement this in a robot and make it dance by himself to any music ?;1;1;0;0;1;0;0
I'm sorry Big Dog. so So sorry... ðŸ˜ž;1;0;0;0;0;1;0
przeraÅ¼ajÄ… mnie te filmy... czas terminatora nadchodzi.;0;0;0;0;0;1;0
i want to buy an Atlas
i need it;0;0;0;1;0;0;0
Hurry up and make it affordable so we can have robot buddies to help with the awfulness that can be daily life for many of us and to help me rescue animals and be my bestie.  Please hurry up!  Yeah I know- need to replace factory workers or whatever but come on! Do something actually good;0;1;0;1;0;0;0
This is the video Robots share in the future to promote their uprising against Humanity.;0;0;0;0;0;1;0
nice;0;0;0;1;0;0;0
How much does each robot cost to buy??;0;0;0;0;0;0;0
â¤â¤â¤  LOVE THIS  â¤â¤â¤ ðŸ‘ðŸ‘;0;0;0;1;0;0;0
Me and the boys recreating fnaf;0;0;0;0;0;0;0
Wow they are very good in robot dancing style...;0;0;0;1;0;0;0
No love, only scare;0;0;0;0;0;1;0
I can't dance either atlas.....ðŸ˜‚ðŸ˜‚ðŸ˜‚ðŸ˜‚ðŸ˜‚ðŸ˜‚ðŸ˜‚ðŸ˜‚ðŸ˜‚ðŸ˜‚ðŸ˜‚ðŸ˜‚ðŸ˜‚ðŸ˜‚ðŸ˜‚ðŸ˜‚ðŸ˜‚ðŸ˜‚ðŸ˜‚â¤ðŸŽ‰;1;0;0;1;0;0;0
Could watch this all day long brilliant;0;0;0;1;0;0;0
NOPE!!;0;0;0;0;0;0;0
its all fun and games until they do the twist over our dead bodies;0;0;0;0;0;1;0
Watch me now;0;0;0;0;0;0;0
Some people donâ€™t want to accept the fact that this is real because they are scared of the reality;0;0;0;0;0;1;1
ultron and the gang emoting after wiping the human race;1;1;1;0;0;1;0
ÐÐ°Ð¼ Ñ‚Ð°ÐºÐ¾Ðµ Ð½Ðµ ÑÐ½Ð¸Ð»Ð¾ÑÑŒ Ð´Ð°Ð¶Ðµ ; );0;0;0;0;0;0;0
Esto se realizÃ³ por medio de captura de movimiento remoto y teleoperaciÃ³n, por quÃ© me parece increÃ­ble QuÃ© un grupo de personas se hayan tomado la tarea de programar los motores paso a paso en cada articulaciÃ³n;0;0;0;1;0;0;0
wouldve been better if the camera(person) was a bot;0;0;0;0;0;1;0
I like ðŸ‘ ðŸ‘Œ â™¥  it  just ðŸ‘ ðŸ‘Œ  just ðŸ‘ ðŸ‘Œ  like ðŸ‘ ðŸ‘Œ that â¤â¤â¤â¤â¤â¤ðŸŽ‰;0;0;0;1;0;0;0
ðŸ˜‚ðŸ˜‚ðŸ˜‚ðŸ˜‚ðŸ˜‚ðŸ˜‚ðŸ˜‚ðŸ˜‚ðŸ˜‚ðŸ˜‚ðŸ˜‚ðŸ˜‚ðŸ˜‚ðŸ˜‚ðŸ˜‚ðŸ˜‚ðŸ˜‚ðŸ˜‚ðŸ˜‚ðŸ˜‚ðŸ˜‚ðŸ˜‚ðŸ˜‚ðŸ˜‚ðŸ˜‚ðŸ™„ðŸ™„ðŸ™„ðŸ™„ðŸ™„ðŸ™„ðŸ™„ðŸ™„ðŸ™„ðŸ™„ðŸ™„ðŸ¤”ðŸ¤”ðŸ¤”ðŸ¤”ðŸ’‹ðŸ’‹ðŸ’‹ðŸ’‹ðŸ’‹ðŸ’‹ðŸ’‹ðŸ’‹ðŸ’‹ðŸ’‹ðŸ’•ðŸ’•ðŸ’•ðŸ’•ðŸ’‹ðŸ’‹ðŸ’‹ðŸ’‹ðŸ’•ðŸ’•ðŸ’‹ðŸ’‹ðŸ’‹ðŸ’•ðŸ’•ðŸ’•ðŸ’‹ðŸ’‹ðŸ’‹ðŸ’‹ðŸ’‹ðŸ’‹ðŸ’‹ðŸ’‹ðŸ’‹ðŸ’•ðŸ’‹ðŸ’•ðŸ’•ðŸ’•ðŸ’‹ðŸ’‹ðŸ’‹ðŸ’‹ðŸ’‹ðŸ’‹ðŸ’‹ðŸ’•ðŸ’•ðŸ’•ðŸ’•ðŸ’‹ðŸ’‹ðŸ’•ðŸ˜‚ðŸ˜‚ðŸ˜‚ðŸ˜‚ðŸ˜‚ðŸ˜‚ðŸ˜‚ðŸ˜‚ðŸ˜‚ðŸ˜‚ðŸ˜‚ðŸ˜‚ðŸ˜‚ðŸ˜‚ðŸ˜‚ðŸ˜‚ðŸ˜‚ðŸ˜‚ðŸ˜‚ðŸ˜‚ðŸ˜‚ðŸ˜‚ðŸ˜‚ðŸ˜‚ðŸ˜‚ðŸ˜‚ðŸ˜‚ðŸ˜‚ðŸ˜‚ðŸ˜‚ðŸ˜‚ðŸ˜‚ðŸ˜‚;0;0;0;0;0;0;0
Eat your heart out, Elon!;0;0;0;0;0;0;0
Boston dynamics is a silly place ðŸ˜Š;0;0;0;0;0;0;0
this is the emote robots will make when they start their takeover.;1;1;0;0;0;1;0
A b a r t i g;0;0;0;0;0;0;0
This is real?;0;0;0;0;0;0;0
Think about when they program them to attack people of color  ðŸ¤” ðŸŒ â³âŒ›ðŸ‘€;0;0;0;0;0;1;0
This is still impressive and fun.;0;0;0;1;0;0;0
Face video so easy ?!;0;0;0;0;0;1;1
Omg spot's doing it too;1;0;0;1;0;0;0
I love Atlas looh at this robot go ðŸ‘ðŸ‘ðŸ‘ðŸ‘;1;0;0;1;0;0;0
Lady y Caballeros..Estamos en el umbral de una nueva era, donde el hombre serÃ¡ un organismo biolÃ³gico de segunda clase, un planeta habitado... 
Â¡Saludos pilotos argentinos!;0;0;0;0;0;0;0
Humanity ending credits;0;0;0;0;0;0;0
All of that engineering design, technology, and intentional work is coming close to producing something that can move like what copying errors - acted upon by natural selection - have produced a long time ago ...;0;0;0;0;1;0;0
â¤send me oneâ¤ðŸ˜…;0;0;0;1;0;0;0
Human knowledge, intelligence,  discovery and of course dynamic creativity.. beautiful gifts of creationâš›â˜®;0;0;0;1;0;0;0
I don't see any healthcare ðŸ¤·â€â™‚ï¸. Are those going to be dancing over dead soldiers's graves next? And outside maimed soldiers's quarters at VFW's and American Legion's and USO's and DVA's and Veterans's Health Clinics and more?;0;0;0;0;0;1;0
Simply the greatest thing I have probably ever seen. Now I am running off to use this as the sword in my defense of how technology is no more evil than the people building it . Beautiful job Boston Dynamics!;0;0;0;1;0;0;0
i love them.;0;0;0;1;0;0;0
we need a dance of video with these vs tesla's optimums robot;0;1;0;1;0;0;0
â˜… I believe we are meant to be like Jesus in our hearts and not in our flesh. But be careful of AI, for it is just our flesh and that is it. It knows only things of the flesh (our fleshly desires) and cannot comprehend things of the spirit such as peace of heart (which comes from obeying God's Word). Whereas we are a spirit and we have a soul but live in the body (in the flesh). When you go to bed it is your flesh that sleeps but your spirit never sleeps (otherwise you have died physically) that is why you have dreams. More so, true love that endures and last is a thing of the heart (when I say 'heart', I mean 'spirit'). But fake love, pretentious love, love with expectations, love for classic reasons, love for material reasons and love for selfish reasons that is a thing of our flesh. In the beginning God said let us make man in our own image, according to our likeness. Take note, God is Spirit and God is Love. As Love He is the source of it. We also know that God is Omnipotent, for He creates out of nothing and He has no beginning and has no end. That means, our love is but a shadow of God's Love. True love looks around to see who is in need of your help, your smile, your possessions, your money, your strength, your quality time. Love forgives and forgets. Love wants for others what it wants for itself. Take note, love works in conjunction with other spiritual forces such as faith and patience. We should let the Word of God be the standard of our lives not AI. If not, God will let us face AI on our own and it will cast the truth down to the ground, enslave us and make us worship it. We can only destroy ourselves but with God all things are possible. God knows us better because He is our Creater and He knows our beginning and our end. Our prove text is taken from the book of John 5:31-44, 2 Thessalonians 2:1-12, Daniel 7-9, Revelation 13-15, Matthew 24-25 and Luke 21. Let us watch and pray... God bless you as you share this message to others.;0;0;0;0;0;1;0
This is hours upon hours of programming which means a lota lota money just got spent to make a 2:54 minute video. Cute as all hell though.;0;0;0;1;0;0;0
Historians will note this as the beginning of the end. â¤;0;0;0;0;0;1;0
Hasta la vista, Baby ðŸ¤ª;0;0;0;1;0;0;0
i do love them;1;0;0;1;0;0;0
This is beyond scaryâ€¦ðŸ˜³;0;0;0;0;0;1;0
This is equal parts eerie, amazing and terrifying.;0;0;0;1;0;1;0
Guys, tell me the truth! Is it fake? I canâ€™t believe;0;0;0;0;0;1;0
if this is to be the future, i for one welcome our robot overlords;0;0;0;1;0;0;0
open source code;0;0;0;0;0;0;0
Does anyone know what happened to Chihira Kanae robot by Toshiba though, i really like her and im getting tired of asking everywhere with no results;0;0;0;1;0;0;0
Come on man!;0;0;0;0;0;0;0
It catches  the rythme ðŸ˜®;1;0;0;1;0;0;0
That never gets old â¤;0;0;0;1;0;0;0
optimus : you got no hands?;1;0;0;0;0;1;0
Yes, Boston Dynamics: I DO love you!
Oh, and your robots are AMAZING!;1;0;0;1;0;0;0
Actuallyâ€¦no. Lazy bloated legacy thinking whoâ€™s only drive is to produce robot soldiers. Overweight, inefficient and require blood (fluid), please explain how this system can be useful for humanityâ€¦other than filling your wallets?;0;0;0;0;0;1;0
YES! YES! 
F*CK YOU TOO! 
MY NEIGHBORS! 
ðŸ˜†ðŸ˜‚ðŸ¤£ðŸ˜‹ðŸ˜‰âœŒ;0;0;0;0;0;0;0
I eat emoji cat I love your Dance;0;0;0;0;0;0;0
This used to creep me out, but after seeing Elon Musks approach, these guys are the GOATS. Tesla bots are creepy, and can't dance. Atlas has soul and rhythm.;1;0;0;1;0;0;0
â¤â¤â¤ I want one;0;0;0;1;0;0;0
My best is dat four legged robotðŸ˜…ðŸ˜…ðŸ˜…;0;0;0;1;0;0;0
Thank God Elon Musk isn't involved in this!;0;0;0;0;1;0;0
Why he is dancing best than my whole life ðŸ¤”;1;0;0;1;0;0;0
awesome !!!;0;0;0;1;0;0;0
"The saddest aspect of life today is that science is achieving knowledge faster than society is achieving wisdom". - Isaac Asimov;0;0;0;0;1;0;0
Atlas the Best Dance;1;0;0;1;0;0;0
Compare this to the rubbish the fraud Elon is presenting. Lightyears apart.
This is class, sexy, advanced to say at least, orgasmic.

Man, next life I work for Boston Dynamics, even if I clean the toilets!;0;0;1;1;0;0;0
EVERY CRIMINAL WILL BE PUNISHED SCIENCE START ðŸ”™.;0;0;0;0;0;0;0
Impressive, make em learn to mosh to the tune of Future Breed Machine and Iâ€™ll be really impressed/terrified;0;1;1;1;0;0;0
An innocuous video was the only foreshadowing of the robot wars of 2099â€¦.;0;1;0;0;0;1;0
Amazing;0;0;0;1;0;0;0
Im sorry bro;0;0;0;0;0;0;0
You're a better man than I am, Hunk-a-Tin . . .;1;0;0;1;0;0;0
HI MUSK HATERS! xD;0;0;0;0;0;0;0
Fast forward 100 years.. all the humans are dead and this thing is still dancing through the burning cities;1;1;0;0;0;1;0
Let me know when it can ride a skateboard.;0;0;0;0;1;0;1
Ð‘Ñ€Ð°Ð²Ð¾Ð¾Ð¾Ð¾Ð¾! ðŸ‘ðŸ‘ðŸ‘ðŸ‘ðŸ‘ðŸŒ¹ðŸŒ¹ðŸŒ¹ðŸŒ¹;0;0;0;1;0;0;0
no;0;0;0;0;0;0;0
imagen what it will be like in a few more years!!;0;0;0;1;0;0;0
They have more rythym than most ppl;1;0;0;1;0;0;0
All fun and games until the robots and ai read all the comments here xD GL :D;1;0;0;1;0;0;0
Clap if you feel safe...;0;0;0;0;0;0;0
And the Quran says
"And we created man in the best stature/mould" - 95:4
Ù„Ù‚Ø¯ Ø®Ù„Ù‚Ù†Ø§ Ø§Ù„Ø¥Ù†Ø³Ø§Ù† ÙÙŠ Ø£Ø­Ø³Ù† ØªÙ‚ÙˆÙŠÙ…
Any logs on hours of development that went into Atlas?
Whatever is created mimics what is already created;0;0;0;0;0;0;0
These robots are literally useless. They could accomplish the same tasks as a homeless man with no hands, and theyâ€™re a lot dumber than him too.;0;0;0;0;0;1;0
Can you predict the weather;0;0;0;0;0;0;0
that was so cool , i dancing along with them , great fun;0;0;0;1;0;0;0
pair that with some AI and we are all FAWKED;1;0;0;0;0;1;0
Im not sure if I should be liking this or worried by it.;0;0;0;0;1;0;0
Wow;0;0;0;0;0;0;0
This video reminds me of how far human has become.;0;0;0;1;0;0;0
Wow;0;0;0;0;0;0;0
No I love my girl frend ðŸ˜‚ðŸ˜˜â™¥ï¸âš˜ï¸;0;0;0;0;0;0;0
The robots emoting on you after killing you during ww3;1;1;0;0;0;1;0
167K COMMENTS HOLY HELL LOL;0;0;0;0;0;0;0
It's crazy now to think that we thought this was real footage at the time... 
It's like the first time I watched Animusic as an adult.;0;0;0;0;0;1;0
This is what i think of i am at school;0;0;0;0;0;0;0
Me and the bois after successfully taking over humanity;1;0;0;0;0;1;0
do it jiggle?;0;0;0;0;1;0;0
I wanna pet the robot dog lookin' thing.;1;0;0;1;0;0;0
omg;0;0;0;0;0;0;0
I think I can get down with these Robotic Overlords ðŸ¤”;0;0;0;1;0;0;0
å¥½å¯æ„›â¤å¥½æ´»æ½‘â¤çœŸå…ˆé€²â¤;1;0;0;1;0;0;0
IncreÃ­ble!!!;0;0;0;1;0;0;0
Model-based at its prime!;0;0;0;1;0;0;0
Absolutely amazing that I can see this in my lifetime I can only imagine what another hundred years is going to look like but it looks like everything that man can conceive or imagine we can eventually create;0;0;0;1;0;0;0
burn it down;0;0;0;0;0;1;0
should have had the workers behind the glass doing a dance too;0;0;0;0;1;0;0
Winter is coming;0;0;0;0;0;0;0
People watching a Boston dynamics video: "this is fake"
People watching a clearly fake video made from boss town dynamics: "OH MY GOD ITS REAL!!!!!!!?!??!";0;0;0;0;1;0;0
ðŸ˜®ðŸ¤”ðŸ¤”ðŸ¤”ðŸ¤«;0;0;0;0;0;0;0
Wow. Finally found this video and man. It feels so surreal.
It's insane how much robotics have developed in only a couple of decades.;0;0;0;1;0;0;0
Jai bhole nath say;0;0;0;0;0;0;0
Humans: AI IS GONNA TAKE OVER THE WORLD OH NOOOO

Meanwhile AI:;0;0;0;0;0;1;0
I am pretty good dancer until mr. ðŸ¤–  I need get some lessons from them.;0;0;0;1;0;0;0
A-m-a-z-i-n-g!!!â™¤â™¡â˜†;0;0;0;1;0;0;0
All hail our new dancing robot overlords - finally, a robot apocalypse we can all enjoy ðŸ˜†;1;0;1;1;0;0;0
How does a hunk of metal have better balance than me?;1;0;0;0;0;1;0
Check the data, everything data, talk for norton abtivirus only protect components check tesla the car one virus because hard disk;0;0;0;0;0;0;0
Maybe if they do another "Star Wars" movie C3PO can be played by a real robot instead of a man in a suit.;0;1;0;1;0;0;0
Wow just got "served".;0;0;0;0;1;0;0
I am here for the Corridor crew comment.;0;0;0;0;0;0;0
Their bots have better coordination than I do!;0;1;0;1;0;0;0
Iâ€™m too high for this! I love it!;0;0;0;1;0;0;0
HOPE.â™¥;0;0;0;0;0;0;0
i remember hearing this in school;0;0;0;0;0;0;0
ÑˆÐ¸ÐºÐ°Ñ€Ð½Ð¾;0;0;0;0;0;0;0
Bow down in submission to your robot overlords !;0;1;0;0;0;1;0
Yes;0;0;0;0;0;0;0
Their better than me at dancing ðŸ˜…;0;1;0;1;0;0;0
this feels like a 2030 video to be honest lol;0;0;0;1;0;0;0
Wird uns so ein Roboter einmal bekÃ¤mpfen ,im Auftrag  der verbrecherischen Globalisten??;0;1;0;0;0;1;0
Great CGI Engineers. No live footage of these robots is available. No debunk videos. Just one source - a studio edited film;0;1;0;0;0;1;0
All you have to do is look at the shadows to tell if it's real or fake;0;0;0;0;0;0;0
Amo ver esse vÃ­deo! Nem piscoðŸ˜ðŸ¤­ ðŸ’—ðŸ’ŸðŸ’–;0;0;0;1;0;0;0
That's coolðŸ˜ƒðŸ˜ƒ;0;0;0;1;0;0;0
Demon texhnology;0;0;0;0;0;0;0
Ð Ð¾ÑÑÐ¸Ñ Ð² Ð¶Ð¾Ð¿Ðµ, Ðº ÑÐ¾Ð¶Ð°Ð»ÐµÐ½Ð¸ÑŽ.ðŸ˜¢
"Ð¡Ð¿Ð°ÑÐ¸Ð±Ð¾" Ð¿ÑƒÑ‚Ð¸Ð½Ñƒ
"Ð‘Ñ€Ð°Ð²Ð¾"Ð•Ð´Ð Ñƒ;0;0;0;0;0;0;0
â¤;0;0;0;0;0;0;0
Breathtakingly amazingðŸ˜Š!!!!!!;0;0;0;1;0;0;0
â¤â¤â¤;0;0;0;0;0;0;0
To me it looks like animations, not like real robots...;0;0;0;0;1;0;0
Holy F*ck;0;0;0;0;0;0;0
I wish they could show us how to make a parkour robot;0;0;0;1;0;0;0
